"score","ids","daojuid"
"0","3#2#71#9&10#11&12#6&7#8&4#29&31#30&33","0#0#3#0#5#5#0#0#4"
"100","3&4#29&7#2&9#12&10#15&13#2&71#7&8#4&5#6&7#3&4","0#0#0#5#0#0#5#0#0#4"
"200","3#29#2&9#12&10#15&13#29&31#69#58#2&71#6","0#0#5#0#0#5#0#0#0#4&3"
"300","4&29#32&34#49#32&34#42&33#11&9#13&15#14&16#49#8&6","0#0#0#3#0#4&1#0#0#0#5"
"400","5&3#56&57#69&70#6#30&33#2#15&16#17&19#10&9#7","0#0#0#5#0#0#5#0#0#4&3"
"500","2#9&10#11&12#9&11#10&12#33#19&17#19&17#29&31#5&6","0#0#5#0#0#0#0#0#0#4&1"
"600","29&31#33&36#41&43#65&66#65&66#9&11#17&18#65&66#65&66#4&8","0#5#0#0#4#0#0#5#0#5&3"
"700","30#29&31#32&34#59&62#60&58#53&54#60&66#60&66#36&42#4&5","0#0#0#5#0#0#0#5#0#4&3&1"
"99999","19&17#19&17#29&31#9&10#11&12#9&11#69&70#61&62#35&37#38&39#44&46#25&27#3&6","0#0#0#0#5#0#0#0#5#0#0#0#4"
